rusher_nflId,rusher_name,rusher_pos,n_frames,n_plays,median_etbc,mean_etbc,min_etbc,pct_under_2sec,pct_under_1sec
52566,Bryce Hall,CB,137,5,1.8718104514669327,3.928423288054754,0,0.5109489051094891,0.31386861313868614
53612,Avery Williams,RB,145,5,1.9952884453855686,2.755819682912218,0.4033484673807936,0.503448275862069,0.11724137931034483
52624,Kamren Curl,FS,115,5,2.2621592927006478,3.217061479466942,0.4131533998717063,0.4,0.10434782608695652
52863,Krys Barnes,ILB,124,5,2.2766035880672693,3.376101215044109,0,0.3951612903225806,0.20161290322580644
46127,Isaiah Oliver,CB,261,11,2.2974169484929226,3.438405773929057,0.33790717488597727,0.421455938697318,0.12260536398467432
47892,Khari Willis,SS,251,9,2.3059639357227657,3.3274025888817396,0,0.4063745019920319,0.19123505976095617
43407,Juston Burris,SS,120,5,2.3094226497118435,3.76438616650805,0.35594457926670303,0.45,0.125
43393,Tavon Young,CB,306,12,2.346377730999536,3.411007742135008,0,0.4117647058823529,0.20915032679738563
42929,Alex Singleton,OLB,99,5,2.379893984618091,3.9014009786820414,0.5750919637308428,0.40404040404040403,0.09090909090909091
47915,Ugochukwu Amadi,FS,120,5,2.4541964522624915,3.54752903612032,0.5338942973368583,0.3333333333333333,0.05
43294,Jalen Ramsey,CB,247,10,2.481049161557748,3.7274048904151162,0.3090943257819799,0.3805668016194332,0.10931174089068826
47913,Drue Tranquill,ILB,280,11,2.4966146262343116,3.359081003591806,0,0.39285714285714285,0.19285714285714287
52453,Antoine Winfield,FS,258,11,2.5199850110177366,3.7143415616411213,0,0.3992248062015504,0.13178294573643412
53596,Nate Hobbs,CB,133,5,2.5276595132223645,3.2462772173135743,0.39946805635278276,0.40601503759398494,0.12781954887218044
42485,Adrian Amos,FS,156,6,2.528861690475988,3.558989128860424,0,0.38461538461538464,0.057692307692307696
48508,Andrew Wingard,FS,148,7,2.5626404113151438,3.4485832505729417,0,0.3310810810810811,0.13513513513513514
44818,Jamal Adams,SS,746,30,2.580823708572476,3.6915448500542896,0,0.3445040214477212,0.0938337801608579
47971,David Long,ILB,833,35,2.598633609211844,3.910914606652857,0,0.3625450180072029,0.07683073229291716
43641,Mike Hilton,CB,542,23,2.626045067771099,3.6043665712684354,0,0.3007380073800738,0.09040590405904059
40688,A.J. Bouye,CB,129,6,2.656730993854732,3.7473037446697073,0.4616206477084923,0.34108527131782945,0.10852713178294573
46123,Jessie Bates,FS,116,6,2.6622414369868155,3.8941688552108915,0.35369764743345394,0.3275862068965517,0.11206896551724138
53529,Elijah Molden,CB,297,13,2.674601696879675,3.6334614289719296,0.4221543070658807,0.367003367003367,0.08080808080808081
53609,Talanoa Hufanga,SS,151,6,2.6805161323568805,4.3297901071578275,0.5168381004583358,0.3576158940397351,0.06622516556291391
41256,Jimmie Ward,FS,164,7,2.681618523334775,4.023609840847921,0.8083292367554593,0.3170731707317073,0.04878048780487805
45287,Kenny Moore,CB,402,16,2.7023243059047735,3.754025012480847,0.4715070385958421,0.35572139303482586,0.05223880597014925
44926,Rayshawn Jenkins,SS,276,12,2.7321295974281306,4.0768197638363866,0.2954375353779205,0.3333333333333333,0.021739130434782608
47888,Chauncey Gardner-Johnson,SS,433,16,2.799465951489319,3.9562380706080544,0,0.3325635103926097,0.10161662817551963
40017,Tyrann Mathieu,SS,330,15,2.8620823716270234,3.653048234763742,0,0.2636363636363636,0.08787878787878788
40031,Logan Ryan,FS,392,14,2.868580961449771,3.883351378611523,0,0.3903061224489796,0.1377551020408163
46175,Josey Jewell,ILB,113,5,2.8793782056097412,3.5435923661508157,0,0.3185840707964602,0.10619469026548672
45215,Eric Wilson,OLB,141,6,2.8846343628780833,3.646942153999356,0.47808185528376707,0.3475177304964539,0.0851063829787234
44976,Matt Milano,OLB,703,29,2.9086755031079465,4.200036322165424,0,0.2958748221906117,0.09815078236130868
48476,Nik Needham,CB,285,9,2.9344400670583513,4.307374057640553,0.4457230037278527,0.3157894736842105,0.03859649122807018
48780,Troy Reeder,ILB,409,17,2.945602663511721,4.409336038794557,0,0.293398533007335,0.05623471882640587
46672,Tavierre Thomas,CB,163,6,2.94643340290647,4.116985497174283,0.8927311357010612,0.2085889570552147,0.018404907975460124
46151,Tracy Walker,FS,218,8,2.952463913833692,3.5681275507487236,0,0.2798165137614679,0.1559633027522936
41502,Daniel Sorensen,FS,512,21,2.965088487944037,4.039203493119965,0,0.298828125,0.126953125
52471,Willie Gay,OLB,191,11,2.9813278856911913,4.331609319401504,0.6352446800591054,0.2879581151832461,0.041884816753926704
44837,Jabrill Peppers,SS,527,20,2.9968187440336953,4.265385761761199,0,0.301707779886148,0.11385199240986717
53957,A.J. Parker,CB,289,12,2.9986784228978305,4.1635748363346075,0,0.3079584775086505,0.08996539792387544
43341,Deion Jones,ILB,729,30,3.0326290591032885,4.267184215657202,0,0.32373113854595337,0.10425240054869685
53583,Michael Carter,CB,383,15,3.043229248546155,3.9627387455338563,0,0.33159268929503916,0.10966057441253264
53465,Jevon Holland,FS,357,14,3.049355663225474,4.122760891587055,0,0.3557422969187675,0.12885154061624648
52435,Jordyn Brooks,OLB,477,21,3.0517574697210255,4.096611818090788,0,0.27044025157232704,0.09014675052410902
52546,L'Jarius Sneed,CB,580,24,3.074968712179831,4.26325995421498,0,0.3120689655172414,0.11896551724137931
46190,Taron Johnson,CB,137,6,3.113005294288164,4.325040531653334,0,0.22627737226277372,0.08029197080291971
53532,Ernest Jones,ILB,265,10,3.126891611754801,3.773574492182779,0,0.27547169811320754,0.13584905660377358
46221,Dane Cruikshank,SS,125,5,3.1304427378358035,4.38816077312266,0.768621202771097,0.36,0.056
47793,Devin Bush,ILB,299,13,3.139654463396236,3.9533609556910454,0,0.34448160535117056,0.17391304347826086
48364,Del'Shawn Phillips,OLB,78,5,3.14061150550455,4.076852789380464,0,0.3974358974358974,0.2692307692307692
43376,Nick Vigil,OLB,268,11,3.1426456396061595,4.217017379853661,0,0.35074626865671643,0.13059701492537312
47816,Byron Murphy,CB,308,14,3.14718802994588,4.219411710561354,0.7099156411124639,0.18831168831168832,0.012987012987012988
41338,Ross Cockrell,CB,456,19,3.15837908172939,4.130215795529818,0.3695164810557546,0.3399122807017544,0.10964912280701754
43298,Leonard Floyd,OLB,5100,200,3.1680930342141798,4.3930730263460935,0,0.28941176470588237,0.07
52662,Derrek Tuszka,OLB,359,16,3.190083740714015,4.536676366626491,0.6652577281259968,0.2200557103064067,0.011142061281337047
47844,Taylor Rapp,FS,330,11,3.194265618069423,4.34327090184762,0,0.2606060606060606,0.10909090909090909
47863,Sione Takitaki,OLB,125,6,3.204398528127976,4.3300325246838485,0.42468229233638055,0.32,0.096
43325,Myles Jack,MLB,596,25,3.2112811884018226,4.346877777454489,0,0.25,0.0436241610738255
47864,Will Harris,SS,205,7,3.2430092794882435,3.9736157399354863,0,0.3073170731707317,0.09268292682926829
46086,Derwin James,FS,265,9,3.2567198508512,4.489095456484149,0,0.30943396226415093,0.09056603773584905
42816,Troy Hill,CB,305,12,3.279713884979398,4.489663402733985,0.5409247332589654,0.2360655737704918,0.029508196721311476
46259,DeShon Elliott,FS,477,16,3.2905306853099354,4.577598858892466,0,0.27253668763102723,0.10482180293501048
37145,Justin Houston,OLB,3643,138,3.298706062774576,4.579273361308718,0,0.2503431237990667,0.06203678287125995
53910,Sam Kamara,OLB,457,17,3.2997233911805206,4.5764165740727485,0.5352833506903952,0.2275711159737418,0.01312910284463895
43474,DeAndre Houston-Carson,FS,125,6,3.3060429827791267,4.522977207790689,0.4246488654614614,0.216,0.048
46091,Rashaan Evans,ILB,147,7,3.311317639369885,4.614431496093048,1.1012583444354225,0.17006802721088435,0
43350,Vonn Bell,SS,348,14,3.3134389659571517,4.4509844343326215,0.5035768244111662,0.22988505747126436,0.06321839080459771
43377,Kyler Fackrell,OLB,2066,78,3.3329088853263964,4.575566401092059,0,0.23039690222652467,0.04211035818005808
44885,Jordan Willis,DE,212,10,3.353675955475492,4.674138944806301,0.5388313083559828,0.2830188679245283,0.0330188679245283
40107,Micah Hyde,FS,157,7,3.3666005543195334,3.9897023207568694,0,0.2611464968152866,0.17834394904458598
47790,Josh Allen,OLB,3946,166,3.3706247265516636,4.492615780940564,0,0.2397364419665484,0.07146477445514444
52445,Kyle Dugger,FS,201,8,3.3725616385928165,4.743890920442278,0,0.3333333333333333,0.19900497512437812
46105,Shaquille Leonard,MLB,607,24,3.38678956992118,4.481132120970835,0,0.2158154859967051,0.08401976935749589
43353,Kevin Byard,FS,150,6,3.3897942889666357,4.7497965938361055,0.5717801371759293,0.25333333333333335,0.11333333333333333
40039,Duron Harmon,SS,152,6,3.396235091053514,4.415346065153534,0.6412077864582667,0.13815789473684212,0.02631578947368421
43343,Mackensie Alexander,CB,143,7,3.399723042254298,4.296880545531815,0.3839253471187867,0.13986013986013987,0.06293706293706294
46191,Kenny Young,ILB,992,37,3.3997779882530805,4.652441541822225,0,0.25100806451612906,0.06653225806451613
43533,Jayron Kearse,FS,524,21,3.401387647808945,4.535940316519277,0,0.2366412213740458,0.08015267175572519
46219,Genard Avery,OLB,722,32,3.404708691689361,4.716156377854996,0,0.21329639889196675,0.04016620498614958
38577,Bobby Wagner,MLB,735,31,3.421111184652978,4.448395740931495,0,0.2897959183673469,0.14965986394557823
45021,Rudy Ford,SS,194,8,3.421377429411667,4.621235777441601,0.48748912419611157,0.27835051546391754,0.04639175257731959
43323,Jaylon Smith,MLB,318,12,3.435788888339282,4.391739320087815,0,0.2578616352201258,0.12578616352201258
43358,Yannick Ngakoue,DE,5061,198,3.436282345372973,4.527476062348166,0,0.2209049594941711,0.06145030626358427
44848,Budda Baker,SS,348,17,3.4928464853266488,4.578385088123861,0.49634747019411507,0.20402298850574713,0.034482758620689655
47939,Justin Hollins,OLB,1802,69,3.498792372753342,4.760603052502446,0,0.23640399556048836,0.033296337402885685
52510,Alex Highsmith,OLB,3375,136,3.5045442138548166,4.668999818656404,0,0.20414814814814816,0.05362962962962963
34465,Malcolm Jenkins,SS,643,25,3.511349231210522,4.622213432081905,0,0.2255054432348367,0.04043545878693624
43292,Joey Bosa,OLB,4539,179,3.5166451817251305,4.770366579893355,0,0.23485349195858118,0.06036571932143644
40166,Jordan Poyer,SS,215,9,3.520035108526528,4.151708698699142,0,0.2744186046511628,0.13488372093023257
53639,Victor Dimukeje,OLB,163,7,3.532120664712279,4.636331667895388,0.8046337733089468,0.20245398773006135,0.012269938650306749
47795,Rashan Gary,OLB,5315,196,3.538444314059905,4.678867080021957,0,0.2532455315145814,0.06961429915333961
47881,Quincy Williams,OLB,258,11,3.5460618616779276,4.794316889054604,0,0.2441860465116279,0.10852713178294573
52971,Jamir Jones,OLB,1101,43,3.546865816719963,4.621458570702732,0,0.19709355131698456,0.05267938237965486
52932,Ladarius Hamilton,OLB,536,19,3.55061775294634,4.774940524362921,0.623808103052837,0.13992537313432835,0.018656716417910446
42381,Preston Smith,OLB,3450,136,3.557655521658633,4.7464051964600404,0,0.20608695652173914,0.042028985507246375
52428,K'Lavon Chaisson,OLB,1614,62,3.566781900691223,4.790429389174746,0,0.21313506815365552,0.07930607187112763
42030,K'Waun Williams,CB,222,9,3.5678927646708,4.407321086488224,0.48163122797764263,0.24774774774774774,0.036036036036036036
42390,Eric Rowe,SS,272,10,3.589706717716827,4.936715149880262,0.6949806690589111,0.22794117647058823,0.03308823529411765
44813,Myles Garrett,DE,5272,207,3.6061829828069802,4.667006652009579,0,0.25739757207890746,0.09104704097116843
46657,Dennis Gardeck,OLB,941,33,3.607107072760511,5.044085131003454,0.4080341247301898,0.19128586609989373,0.04144527098831031
46457,Olasunkanmi Adeniyi,OLB,2330,86,3.6196058192682274,4.687414952230933,0,0.20429184549356222,0.0703862660944206
52478,Brandon Jones,SS,864,34,3.6209321843250057,4.637129478443592,0,0.2662037037037037,0.09953703703703703
52468,Josh Uche,OLB,2776,104,3.6294718680832867,4.820155752539248,0,0.17903458213256485,0.037824207492795386
45395,Arthur Maulet,CB,203,8,3.6347855785596064,4.564230490304265,0.647689281955176,0.1921182266009852,0.034482758620689655
42935,Bryce Callahan,CB,116,5,3.6373762041924205,5.144275406741695,0.24782474318723607,0.3017241379310345,0.07758620689655173
40000,Jamie Collins,OLB,214,9,3.640261981579698,4.4787543354523045,0,0.29906542056074764,0.1542056074766355
42388,Eric Kendricks,ILB,784,33,3.649785239278036,4.6226263935111875,0,0.22576530612244897,0.09693877551020408
47810,Johnathan Abram,SS,316,12,3.6505833636256364,4.212904625245917,0,0.26582278481012656,0.08227848101265822
44842,T.J. Watt,OLB,3820,154,3.6579635805263626,4.833315134534348,0,0.24083769633507854,0.06780104712041884
44859,Tyus Bowser,OLB,2569,108,3.674378535166422,4.9226703485619945,0,0.23160762942779292,0.05916699104710004
47891,Julian Love,SS,251,9,3.6787109555615474,4.844253611101255,0,0.24302788844621515,0.09163346613545817
41231,Khalil Mack,OLB,3637,142,3.6894050790302044,4.861623080743566,0,0.2485565026120429,0.07121253780588398
47855,Germaine Pratt,OLB,182,9,3.6969135211422586,5.082950678278203,0.6611102531995903,0.21428571428571427,0.038461538461538464
53053,Bryce Huff,DE,3213,133,3.6972139794468175,4.823952102799515,0,0.19327731092436976,0.051353874883286646
42427,Jordan Hicks,ILB,935,37,3.7071416574025964,4.782722542188356,0,0.22245989304812835,0.06417112299465241
44838,Takkarist McKinley,DE,3138,120,3.711887834877869,4.649983160977172,0,0.24378585086042065,0.07297641810070109
42376,Landon Collins,SS,236,11,3.715084257720185,4.74528327765518,0.5778468077356796,0.1694915254237288,0.025423728813559324
53935,Darius Hodge,DE,168,6,3.723268713438073,5.006702739678201,0.9728776159819412,0.27380952380952384,0.017857142857142856
37075,Von Miller,OLB,4057,159,3.725016537183556,4.891200736643858,0,0.24648755237860487,0.0754251910278531
41915,Shaquil Barrett,OLB,5560,220,3.7515741948607304,4.83918355626902,0,0.20611510791366908,0.06384892086330936
47832,Ben Banogu,DE,959,36,3.75549289289295,4.9936795865086,0,0.16996871741397288,0.029197080291970802
46230,Jermaine Carter,MLB,628,27,3.766113286633955,4.806941806050227,0,0.2643312101910828,0.08121019108280254
38548,Melvin Ingram,OLB,3144,123,3.768105789336177,4.926741072448295,0,0.1854325699745547,0.04611959287531807
44834,Charles Harris,OLB,3642,144,3.7783615105219135,4.96238039541051,0,0.21444261394838002,0.054914881933003847
52487,Jabari Zuniga,DE,278,10,3.786104262876653,5.10026481109011,0.4830559343017669,0.1510791366906475,0.02158273381294964
43503,Elandon Roberts,ILB,499,24,3.7926972550824067,5.027741418108312,0,0.23847695390781562,0.07214428857715431
52472,Jeremy Chinn,FS,611,25,3.8093918865048857,4.930970208752763,0,0.2144026186579378,0.0867430441898527
52518,Darnay Holmes,CB,115,5,3.8102596330408547,4.452050391810874,0.9623524841198695,0.0782608695652174,0.017391304347826087
52492,Terrell Lewis,OLB,3826,154,3.815753964497291,4.968029048564583,0,0.18112911657083117,0.048614741244119186
46521,Ben Niemann,ILB,827,37,3.8349038489502085,4.931105553568636,0,0.17533252720677148,0.030229746070133012
52563,Trevis Gipson,OLB,1746,71,3.8376516637434346,4.977380484968112,0,0.17926689576174112,0.04753722794959908
52416,Isaiah Simmons,ILB,712,34,3.8380869954884513,4.968703734817424,0,0.23314606741573032,0.05898876404494382
48145,Wyatt Ray,DE,1459,61,3.8408440985198182,4.955548022840535,0.4673684969432476,0.17957505140507196,0.022618231665524333
47846,Juan Thornhill,FS,115,6,3.8520383988434808,5.000488165094322,0.8945917381786874,0.1826086956521739,0.017391304347826087
41387,Caraun Reid,DT,140,6,3.855232214211135,5.066475729404528,0.8381406640174258,0.07857142857142857,0.014285714285714285
52506,Malik Harrison,OLB,321,15,3.8587355082969106,5.002172281183887,0.40062331368947457,0.2585669781931464,0.0529595015576324
42421,P.J. Williams,CB,154,6,3.8607129781947647,4.633146080066513,0,0.2727272727272727,0.11038961038961038
46229,Ogbonnia Okoronkwo,OLB,1697,64,3.8790237688222953,4.989412964831185,0,0.20624631703005303,0.03830288744843842
37087,Robert Quinn,OLB,3743,146,3.8790549332720228,5.03211098352456,0,0.21693828479829014,0.07053165909698103
42368,Shaq Thompson,OLB,588,26,3.8878739673452714,4.695123495509725,0,0.22789115646258504,0.10034013605442177
52626,Carter Coughlin,ILB,445,17,3.893363897194087,4.785879277324316,0.7094890588439616,0.1348314606741573,0.011235955056179775
41235,Anthony Barr,OLB,398,18,3.9127429853091824,4.85745058882954,0,0.24874371859296482,0.09547738693467336
52456,Darrell Taylor,DE,2911,112,3.915660751323015,5.010196671807074,0,0.17519752662315355,0.051185159738921335
38559,Harrison Smith,SS,346,13,3.926452180367418,4.801952806478006,0,0.15028901734104047,0.07514450867052024
43986,Antonio Hamilton,CB,109,5,3.926768141254565,4.792426891338351,0.755362123487626,0.3211009174311927,0.07339449541284404
53447,Jaelan Phillips,OLB,4207,171,3.9335442064410078,5.005501473203736,0,0.1804135963869741,0.04254813406227716
53534,Baron Browning,ILB,362,13,3.937475846687069,4.771117368533562,0,0.1712707182320442,0.06077348066298342
46188,Kyzir White,ILB,496,17,3.944211422222138,5.0174686287653,0,0.2560483870967742,0.10483870967741936
42346,Dante Fowler,OLB,2993,113,3.9455384358452132,4.983373052449178,0,0.15035081857667892,0.043434680922151685
46902,Robert Spillane,OLB,132,6,3.95321293163067,5.0951656958134235,0.7904040727337867,0.12878787878787878,0.015151515151515152
43404,De'Vondre Campbell,ILB,476,21,3.9544903837004455,4.8303418320538,0.5833039082263733,0.14285714285714285,0.03991596638655462
42470,Damien Wilson,OLB,388,17,3.9582495285638535,5.317237008613817,0,0.12886597938144329,0.05670103092783505
46680,Sean Chandler,SS,139,5,3.9602146437665313,4.600296673303165,0.3800790331757912,0.26618705035971224,0.08633093525179857
46250,Kylie Fitts,OLB,344,14,3.96464100167909,5.02656317888138,0.4045089690321885,0.14825581395348839,0.01744186046511628
44999,Chuck Clark,SS,523,22,3.967292432170508,4.680626706852782,0,0.17782026768642448,0.05162523900573614
40825,Benson Mayowa,OLB,1751,63,3.9745110715768224,5.018668662878301,0,0.21302113078241006,0.05025699600228441
47787,Clelin Ferrell,DE,1319,53,3.9820608612672332,5.003819547554263,0,0.14556482183472327,0.0356330553449583
35452,Brandon Graham,DE,564,28,3.9822574742684353,4.979041912479679,0,0.23581560283687944,0.06205673758865248
46117,Uchenna Nwosu,OLB,3222,124,3.9832867116208845,5.078406641416246,0,0.1824953445065177,0.04220980757293606
44825,Haason Reddick,OLB,4520,186,3.999145989734486,4.99568468987116,0,0.19579646017699115,0.07212389380530973
37317,Malcolm Smith,MLB,181,9,4.006715645949947,5.314511004745213,0.7275382298974153,0.1712707182320442,0.016574585635359115
53481,Jeremiah Owusu-Koramoah,OLB,468,20,4.013176175348414,4.984699269959338,0,0.21581196581196582,0.057692307692307696
46083,Marcus Davenport,DE,1469,58,4.013788331741201,5.046525367730743,0,0.20285908781484002,0.05037440435670524
47016,A.J. Johnson,ILB,1113,39,4.017423098263599,5.090612714730324,0,0.1940700808625337,0.050314465408805034
38551,Chandler Jones,OLB,4115,162,4.018177881255761,5.08452680325308,0,0.19878493317132442,0.053462940461725394
43435,Matt Judon,OLB,4708,188,4.020258266984892,5.010376407286381,0,0.20751911639762108,0.07349192863211555
46110,Harold Landry,OLB,6039,221,4.024865098205917,5.084716926403648,0,0.19506540818016227,0.06110283159463487
47799,Brian Burns,DE,4773,200,4.025819426071396,5.015084674808019,0,0.18227529855436833,0.06033940917661848
46199,Josh Sweat,DE,4073,165,4.028905048060725,4.984396992111076,0,0.19887061134299042,0.06039774122268598
48089,Malik Reed,OLB,4983,198,4.031645872312202,5.1098696903197975,0,0.1850290989363837,0.04916716837246639
52436,Patrick Queen,MLB,505,24,4.041253864372455,5.0384309833059415,0,0.21782178217821782,0.09702970297029703
52482,Zack Baun,OLB,153,7,4.04161103115396,5.146745185123618,0.4909643021482538,0.1895424836601307,0.032679738562091505
53445,Zaven Collins,ILB,264,12,4.042316269281993,5.180662957035821,1.165835331045195,0.07196969696969698,0
40095,Steven Means,OLB,3471,138,4.0492574998206505,5.256301550066692,0,0.13367905502736963,0.021607605877268798
53460,Odafe Oweh,OLB,4347,172,4.056389221006728,5.27675138816502,0,0.19093627789279963,0.05682079595123073
44851,Marcus Maye,FS,132,5,4.067747591678414,3.954885514686349,0,0.29545454545454547,0.20454545454545456
52475,Julian Okwara,OLB,1688,65,4.070771409518916,5.044697533744167,0,0.20675355450236968,0.07049763033175356
41249,Dee Ford,DE,2083,84,4.074516242161268,5.20192971817916,0,0.18482957273163705,0.04080652904464714
46162,Ronnie Harrison,SS,154,6,4.076886449342705,4.910271437656706,0,0.21428571428571427,0.06493506493506493
47889,Maxx Crosby,DE,5644,218,4.089770065214647,5.03600929555893,0,0.21934798015591778,0.07565556343019135
37724,Chris Harris,CB,132,5,4.090116055385746,4.982697591526068,0.7270483938121919,0.25,0.030303030303030304
53051,Javelin Guidry,CB,164,6,4.090227115872277,5.1493478272113435,1.3099329128074777,0.0975609756097561,0
42403,Randy Gregory,DE,3565,146,4.091150477094463,5.033896857825144,0,0.2120617110799439,0.05582047685834502
46135,Lorenzo Carter,OLB,3144,121,4.102878330097386,5.138438493601223,0,0.18193384223918574,0.02608142493638677
53668,Jonathon Cooper,OLB,2089,80,4.103897196163815,5.130542773072597,0,0.15414073719483007,0.0421254188606989
42401,Markus Golden,OLB,4650,178,4.107562389834671,5.180288575474098,0,0.19268817204301075,0.055268817204301074
46212,Ja'Whaun Bentley,ILB,566,24,4.110843173064739,5.272217743561326,0.5359856104902092,0.13427561837455831,0.015901060070671377
46157,Oren Burks,ILB,217,7,4.1293130078305165,4.797650464719431,0,0.2626728110599078,0.1152073732718894
44826,Derek Barnett,DE,3890,158,4.135962526926316,5.202966150820671,0,0.19562982005141388,0.05295629820051414
52431,Kenneth Murray,ILB,152,6,4.137206579231,5.156134506626076,0.49652393788223165,0.21052631578947367,0.07894736842105263
43354,Carl Nassib,DE,1883,75,4.142999196448851,5.07980420540843,0,0.21561338289962825,0.064259160913436
47785,Nick Bosa,DE,4108,168,4.147433102968438,5.159121837128242,0,0.18914313534566699,0.054527750730282376
44174,Sam Eguavoen,ILB,1473,65,4.151086847076439,5.046182222548923,0,0.18126272912423624,0.048200950441276307
43330,Reggie Ragland,ILB,234,14,4.158368148482024,4.997096752363662,0.6562271315386291,0.2692307692307692,0.05982905982905983
44915,Trey Hendrickson,DE,5470,215,4.161952325433278,5.08629920685649,0,0.22723948811700181,0.07842778793418648
42116,Adrian Phillips,SS,288,11,4.181508792666793,5.160186181714818,0,0.17708333333333334,0.024305555555555556
53620,Tarron Jackson,DE,937,41,4.191904878552817,5.233008365177871,0,0.1728922091782284,0.033084311632870865
37089,Ryan Kerrigan,DE,1921,84,4.203213893735667,5.115870095668832,0,0.21499219156689225,0.06402915148360229
43516,Stephen Weatherly,OLB,1184,44,4.22022572479201,5.233560463374236,0,0.16976351351351351,0.03969594594594594
44887,Duke Riley,ILB,402,16,4.222331496826211,5.2155571982437925,0,0.18159203980099503,0.06467661691542288
47872,Bobby Okereke,MLB,570,21,4.223325008336706,5.454822944127401,0,0.16842105263157894,0.03859649122807018
52586,Justin Strnad,ILB,604,23,4.225059086103036,5.377530431094904,0,0.14735099337748345,0.052980132450331126
53547,Chris Rumph,OLB,573,23,4.232360523334368,5.240672226412219,0.620661451877509,0.2024432809773124,0.038394415357766144
52979,Chauncey Rivers,OLB,654,25,4.23583357170309,5.185147062030678,0,0.25840978593272174,0.0382262996941896
52498,Jonathan Greenard,DE,2097,84,4.244846541612288,5.200862986574371,0,0.19456366237482117,0.07105388650453028
39998,Jon Bostic,OLB,263,12,4.252901801136093,5.36398404303934,1.212835885762441,0.09885931558935361,0
35539,Everson Griffen,DE,4093,166,4.253029983027288,5.184421082988995,0,0.19545565599804543,0.06498900561935012
53441,Micah Parsons,OLB,2799,108,4.2580527497777565,5.202055490819282,0,0.18828152911754198,0.07252590210789568
46085,Tremaine Edmunds,MLB,476,22,4.262803655476152,5.056140600350518,0,0.17857142857142858,0.058823529411764705
43308,Shaq Lawson,DE,2905,125,4.265363589420732,5.30084627704568,0,0.17487091222030982,0.027882960413080894
53489,Pete Werner,OLB,309,14,4.267023936912528,5.282974142706227,0.6271904109942991,0.09385113268608414,0.019417475728155338
44937,Jalen Reeves-Maybin,OLB,177,9,4.273723816320915,5.39526072587692,0.5821597882145493,0.0847457627118644,0.02824858757062147
47934,Andrew Van Ginkel,OLB,2237,94,4.276973840589339,5.228850207580218,0,0.14975413500223514,0.04514975413500223
52556,Alton Robinson,DE,1374,57,4.288083685824843,5.34230672436413,0,0.14556040756914118,0.04148471615720524
53479,Azeez Ojulari,OLB,4326,166,4.288467850787365,5.266321948098904,0,0.16111881645862228,0.03444290337494221
47956,Cole Holcomb,OLB,622,29,4.2896400930606955,5.1750843886102045,0,0.2057877813504823,0.07234726688102894
46186,Jordan Whitehead,SS,263,10,4.302732193239325,5.339478440381684,0.37445754145347565,0.2965779467680608,0.11026615969581749
53487,Nick Bolton,ILB,535,20,4.3137086451917375,5.075507334923121,0,0.20373831775700935,0.052336448598130844
35493,Carlos Dunlap,OLB,4048,154,4.334539244398531,5.3242015379934315,0,0.1702075098814229,0.037549407114624504
41279,Jeremiah Attaochu,OLB,1392,55,4.337172692207815,5.229894888305526,0,0.1300287356321839,0.029454022988505746
53461,Joe Tryon,OLB,2708,108,4.346652423495907,5.200782677140175,0,0.163589364844904,0.050590841949778434
53039,Azur Kamara,DE,329,13,4.351549496148013,5.192662132717252,0.4458530426936866,0.14893617021276595,0.030395136778115502
41243,C.J. Mosley,ILB,619,31,4.3535721113643975,5.364095411073164,0,0.23424878836833601,0.05331179321486268
47890,Anthony Nelson,OLB,1180,50,4.3596863476745895,5.3628422757277106,0,0.13305084745762713,0.026271186440677965
46077,Roquan Smith,ILB,757,28,4.36194144080037,5.294886860737926,0,0.15059445178335534,0.06605019815059446
46255,Jacob Martin,DE,3006,127,4.365025527488719,5.391776816414325,0,0.1497005988023952,0.0385894876912841
46142,Jerome Baker,ILB,846,39,4.369471869290959,5.189878464285221,0,0.2565011820330969,0.09456264775413711
52462,A.J. Epenesa,DE,2432,91,4.37924120651111,5.187783052952109,0,0.1796875,0.05879934210526316
38556,Whitney Mercilus,DE,3160,128,4.386987246930423,5.35633562085454,0,0.15949367088607594,0.030063291139240507
46074,Bradley Chubb,OLB,219,8,4.392310194297821,5.34925851956813,0.40884965588201383,0.2237442922374429,0.0502283105022831
40077,John Simon,DE,199,10,4.435400204445758,5.46456811754927,0.7247475266517632,0.1658291457286432,0.035175879396984924
45533,Joseph Jones,ILB,394,17,4.43734937802034,5.3336501251889255,0.6792059012382337,0.12436548223350254,0.017766497461928935
37841,Mario Addison,DE,2719,111,4.440753984455537,5.304818910066837,0,0.17359323280617875,0.035307098197866864
53611,Adetokunbo Ogundeji,OLB,2232,89,4.441891021503951,5.293259329306485,0,0.16442652329749105,0.042114695340501794
47812,L.J. Collier,DE,434,19,4.451138271718465,5.255416392181106,0,0.14746543778801843,0.04838709677419355
38607,Demario Davis,ILB,1301,58,4.46621687829709,5.439445868566381,0,0.186010760953113,0.05764796310530361
43775,Romeo Okwara,OLB,1914,69,4.4751522534284165,5.291980345296825,0,0.21003134796238246,0.056948798328108674
48027,Kaden Elliss,OLB,531,24,4.4770844681873125,5.420494242322841,0,0.14500941619585686,0.062146892655367235
46700,Tre Herndon,CB,125,5,4.479433009570099,5.198864907289999,0.9680753274875152,0.24,0.016
43373,Kendall Fuller,CB,201,7,4.485956166900786,5.361152053538468,0,0.24875621890547264,0.1044776119402985
52663,Tae Crowder,ILB,524,23,4.494957035499022,5.184683879369832,0.7745775209655725,0.20801526717557253,0.011450381679389313
46146,Sam Hubbard,DE,5876,235,4.500894050699122,5.412291499952885,0,0.18311776718856365,0.046630360789652825
44888,Alex Anzalone,ILB,625,29,4.501292827652732,5.336690478009105,0,0.2112,0.0656
46416,Jacob Tuioti-Mariner,OLB,956,29,4.519705369808996,5.444182053866551,0,0.200836820083682,0.06485355648535565
52650,Jonathan Garvin,OLB,2545,96,4.53489185928092,5.374677189872408,0,0.17681728880157171,0.0550098231827112
41227,Jadeveon Clowney,DE,4247,172,4.551156918421836,5.381198932853895,0,0.1834235931245585,0.051094890510948905
38588,Lavonte David,ILB,742,33,4.55136708982027,5.682923633257995,0.44110326015804147,0.19137466307277629,0.02021563342318059
46527,Frankie Luvu,OLB,998,39,4.553871664658081,5.348284488620519,0,0.20541082164328658,0.0811623246492986
39993,Kevin Minter,ILB,329,14,4.569090930688631,5.280192520665085,0.4359068958457435,0.24620060790273557,0.09422492401215805
47882,Mike Edwards,FS,303,11,4.5694662209717984,5.738612717841182,0.43169349225792103,0.1551155115511551,0.033003300330033
43306,Keanu Neal,MLB,154,9,4.58870875808236,5.248663894478027,0.7984529825566986,0.11038961038961038,0.032467532467532464
45009,Al-Quadin Muhammad,DE,3901,173,4.5891414999721345,5.435387569159269,0,0.17431427839015637,0.047680082030248656
37097,Cameron Jordan,DE,5623,221,4.601446333347116,5.495525922060808,0,0.13693757780544194,0.027031833540814513
53930,Andre Mintze,OLB,392,15,4.617427359983978,5.345621157740013,0.595100343943787,0.13520408163265307,0.017857142857142856
47788,Devin White,ILB,1699,70,4.625159091365304,5.5140170788582665,0,0.1877575044143614,0.05650382577987051
47900,Austin Bryant,OLB,1294,51,4.628961274553717,5.461005647306831,0,0.1831530139103555,0.03245749613601236
46958,Chris Board,MLB,523,23,4.630432084196304,5.447109236208802,0.3244109418063549,0.18164435946462715,0.06309751434034416
42406,Frank Clark,DE,2767,113,4.635519266244503,5.370703877071324,0,0.18720636067943622,0.05204192265992049
43321,Emmanuel Ogbah,DE,5353,226,4.637069745450975,5.41557507716771,0,0.1752288436390809,0.047636839155613675
53450,Kwity Paye,DE,2564,109,4.640969881378264,5.593762328695604,0,0.1704368174726989,0.0452418096723869
46121,Kemoko Turay,DE,1773,66,4.64740541609684,5.507313293325342,0,0.15284827975183304,0.05188945290468133
52633,Kenny Willekes,DE,260,12,4.652051915385737,5.650308629066633,0.6205911541487138,0.10384615384615385,0.038461538461538464
46088,Leighton Vander Esch,OLB,248,10,4.653267837656366,5.354613587840313,0,0.18951612903225806,0.09274193548387097
43372,Jordan Jenkins,DE,1633,66,4.654729543235145,5.5062699711885434,0.32887465285693246,0.13778322106552357,0.02449479485609308
40463,Brandon Copeland,OLB,468,18,4.658378867659673,5.548776406883483,0,0.19230769230769232,0.029914529914529916
46205,Marquis Haynes,DE,846,34,4.669474911911868,5.584167527460383,0,0.13356973995271867,0.04491725768321513
43420,Blake Martinez,ILB,156,7,4.68714444695833,5.445252465197612,0.3234080126035452,0.1346153846153846,0.057692307692307696
53459,Gregory Rousseau,DE,2733,102,4.695174562542603,5.545352305683195,0,0.19319429198682767,0.03732162458836443
52591,Cam Brown,OLB,215,7,4.708812170749346,5.359474837663386,1.0349379183921645,0.18604651162790697,0
42444,Trey Flowers,OLB,2369,102,4.720575847134894,5.596001888637988,0,0.16589278176445757,0.03967918953144787
47868,Jaylon Ferguson,OLB,143,6,4.7209359050519755,5.368392554996523,0.890434534503131,0.15384615384615385,0.013986013986013986
48268,Azeez Al-Shaair,MLB,484,21,4.72691834056263,5.599037483671174,0.43228880061984243,0.12190082644628099,0.01652892561983471
47786,Quinnen Williams,NT,3027,150,4.72832146155297,5.494299321829843,0,0.14337628014535844,0.05087545424512719
46269,Foyesade Oluokun,ILB,866,32,4.7304482657522815,5.70581892483766,0.39466617885247884,0.10854503464203233,0.02771362586605081
39976,Alec Ogletree,ILB,254,9,4.745598434115229,5.654497159087858,0.6892227602652587,0.18503937007874016,0.011811023622047244
47878,Oshane Ximines,OLB,1920,82,4.747581456749177,5.551571417916393,0,0.13854166666666667,0.034895833333333334
52538,James Lynch,NT,354,19,4.802700751384459,5.319031624143035,0,0.15254237288135594,0.09887005649717515
44938,Samson Ebukam,DE,2156,97,4.804551440676911,5.628189037670463,0.42135520837488677,0.11920222634508348,0.012523191094619666
41348,Anthony Hitchens,ILB,221,10,4.836419279592626,5.430829224027587,0.6390812372734541,0.1583710407239819,0.03167420814479638
43497,Kamu Grugier-Hill,ILB,176,10,4.837966712362201,5.3101401509777295,0,0.2159090909090909,0.11931818181818182
53448,Jamin Davis,MLB,545,25,4.852629812102366,5.616682207538628,0.3804942031326048,0.1651376146788991,0.044036697247706424
46204,John Franklin-Myers,DE,3992,167,4.853267311026991,5.601300327377872,0,0.18261523046092185,0.0435871743486974
46139,Fred Warner,MLB,418,19,4.867638865039178,5.649039213298911,0.4566223723784831,0.06220095693779904,0.023923444976076555
35470,Jerry Hughes,DE,3274,131,4.872068616846879,5.562893088260779,0,0.18967623701893707,0.05284056200366524
44869,Zach Cunningham,ILB,196,9,4.876368361966366,5.5595678617704545,0.8840880585626064,0.1377551020408163,0.015306122448979591
46133,Tyquan Lewis,DE,3999,170,4.877782384075885,5.642514623909606,0,0.14028507126781695,0.03700925231307827
52515,Akeem Davis-Gaither,ILB,237,12,4.887838989357955,5.546080112345533,0.47357643309668496,0.22362869198312235,0.0759493670886076
48008,Darryl Johnson,DE,154,6,4.8956441564746385,5.486790564510627,0,0.2662337662337662,0.15584415584415584
53540,Cameron Sample,DE,3216,131,4.896226020191886,5.62569584633561,0,0.1256218905472637,0.026119402985074626
47848,Zach Allen,DE,2626,115,4.896452649802146,5.608362226528502,0,0.13023610053313023,0.025894897182025894
52587,Bradlee Anae,DE,626,29,4.901762211735393,5.91874444225979,0.5731602678109531,0.12140575079872204,0.01757188498402556
47944,Charles Omenihu,DE,2242,97,4.916298839175972,5.625178590435023,0,0.15566458519179305,0.03568242640499554
46148,Rasheem Green,DE,4682,197,4.948537818797204,5.633464753228683,0,0.13562580093976934,0.034814181973515594
52473,Logan Wilson,ILB,492,21,4.95132121743168,5.6221237331484595,0,0.1443089430894309,0.046747967479674794
44880,Dawuane Smoot,DE,3751,155,4.960046094442312,5.615408044545381,0,0.1668888296454279,0.050653159157557984
42869,James Vaughters,OLB,189,9,4.961900535203279,5.86299831623831,0.9782914651242571,0.13756613756613756,0.005291005291005291
43854,Brennan Scarlett,OLB,625,25,4.984219425684766,5.719748001734046,0.6721432819241994,0.1328,0.0208
53740,Josiah Bronson,DT,231,11,4.994684281771487,5.714153231461016,0.43535173082953615,0.1645021645021645,0.03896103896103896
48537,Carl Granderson,DE,2262,95,4.999802560581336,5.7044313047942925,0,0.14412024756852343,0.04155614500442087
42467,Kwon Alexander,OLB,546,20,5.006799592423866,5.710347917120204,0,0.1391941391941392,0.05311355311355311
44892,Tarell Basham,DE,3510,144,5.013039030770914,5.667135821373161,0,0.1452991452991453,0.03561253561253561
37240,Pernell McPhee,OLB,1852,83,5.018991789921257,5.672207899200538,0,0.1263498920086393,0.03185745140388769
42431,Danielle Hunter,DE,5013,199,5.021129783153686,5.641492182651879,0,0.18212647117494515,0.053660482744863354
53457,Payton Turner,DE,2146,89,5.036700465496448,5.637885589930802,0,0.1374650512581547,0.03960857409133271
42365,Bud Dupree,OLB,3213,124,5.040356389794496,5.725041054306463,0,0.13756613756613756,0.03454715219421102
47809,Montez Sweat,DE,5715,220,5.0506649458372355,5.670414892302315,0,0.1672790901137358,0.050393700787401574
48663,Amani Bledsoe,DE,600,34,5.0583087014125665,5.87218979693397,0.5334115205975032,0.12166666666666667,0.013333333333333334
46141,Nathan Shepherd,DT,1217,69,5.061413851299196,5.720384993758698,0.3692459642144487,0.14543960558751026,0.01972062448644207
38555,Dont'a Hightower,OLB,1272,54,5.075890837012225,5.683140911762067,0,0.1611635220125786,0.05345911949685535
46543,Henry Mondeaux,DE,763,33,5.084429267512554,5.752692321214639,0,0.14154652686762778,0.057667103538663174
52525,D.J. Wonnum,DE,3726,168,5.090534312271126,5.813306661147751,0,0.14117015566290927,0.03166935050993022
53645,Quincy Roche,OLB,1272,48,5.095453613595593,5.7524240590394395,0,0.14622641509433962,0.03930817610062893
41239,Aaron Donald,DT,5846,258,5.096546333557429,5.675885532657162,0,0.15925419089976053,0.06158056790968183
43388,Joe Schobert,ILB,454,21,5.104897542752189,6.010019552117687,0.6953670781807889,0.07709251101321586,0.024229074889867842
43316,Kenny Clark,NT,5214,235,5.1379087987570236,5.770986668851949,0,0.11948599923283468,0.03298810893747603
53533,Brandon Stephens,FS,309,15,5.158622790706366,5.75018445141998,0.418634934745339,0.13915857605177995,0.02912621359223301
46156,Arden Key,DE,1643,67,5.181393222926324,5.783117461064539,0.4290923226334949,0.10955569080949483,0.018867924528301886
42433,Carl Davis,NT,975,51,5.20461037535197,5.869520785627288,0,0.09435897435897436,0.03487179487179487
44871,Tanoh Kpassagnon,DE,2656,110,5.214709770810445,5.816301597239075,0,0.13328313253012047,0.047063253012048195
53602,Tedarrell Slaton,DT,528,24,5.22627062937023,5.7655347552172715,0,0.14583333333333334,0.054924242424242424
47860,Chase Winovich,DE,1199,41,5.234508879621292,5.841364081684029,0,0.13344453711426188,0.03753127606338615
46438,Tyler Lancaster,NT,899,45,5.258127741952009,5.892648748014808,0,0.15127919911012236,0.048943270300333706
41403,Devon Kennard,OLB,1131,50,5.260111020250414,5.622194496410618,0,0.17771883289124668,0.03359858532272325
52637,James Smith-Williams,DE,1930,82,5.268496200599092,5.8732438236880125,0,0.16424870466321242,0.05233160621761658
52410,Chase Young,DE,6260,255,5.269313601028338,5.900605928494424,0,0.12779552715654952,0.0353035143769968
48247,Tim Ward,DE,925,40,5.27602903962132,5.960554666610595,0.49942273934544773,0.09405405405405405,0.005405405405405406
52585,Michael Danna,DE,3699,162,5.278139603563319,5.86768651045999,0,0.137875101378751,0.03838875371722087
40030,John Jenkins,NT,943,52,5.279719292601593,5.985969700403713,0.6245360941840287,0.1071049840933192,0.02545068928950159
35454,Jason Pierre-Paul,DE,4310,181,5.306895514741032,5.911898455900378,0,0.12204176334106728,0.029930394431554524
41376,Ricardo Allen,SS,156,6,5.312856741556414,5.655916417411857,0.5780452552917161,0.1282051282051282,0.04487179487179487
40051,Alex Okafor,DE,2864,122,5.34079669960134,5.917232974055685,0,0.12779329608938547,0.026187150837988827
42031,Denico Autry,DE,5203,207,5.3434258951957965,5.865043098286001,0,0.15241206995963866,0.05381510666922929
41786,Kerry Hyder,DE,3942,166,5.3722512410285965,5.876201641831382,0,0.14180618975139522,0.046930492135971585
43296,DeForest Buckner,DT,4780,213,5.38949122280264,5.936025728203172,0,0.12615062761506277,0.03619246861924686
46081,Vita Vea,NT,4075,189,5.4132309805034176,5.913608486427378,0,0.1607361963190184,0.04466257668711657
47948,Joe Jackson,DE,1078,46,5.417519830380341,5.908995100217312,0,0.16233766233766234,0.04452690166975881
47854,Dre'Mont Jones,DE,4305,192,5.455149264057142,5.9114968587988965,0,0.1375145180023229,0.03902439024390244
48462,Kevin Strong,DE,222,14,5.458016239460824,6.238935428297681,2.0637295028040454,0,0
43378,Javon Hargrave,DT,3313,166,5.460188856556475,5.792636973985932,0,0.19106549954723814,0.07515846664654392
37112,Jabaal Sheard,DE,100,5,5.477181088013541,5.693067480779285,0.8954413544212437,0.12,0.02
44829,Jonathan Allen,DT,4300,207,5.487300173111035,5.927081865739567,0,0.15976744186046513,0.05627906976744186
53573,Joshua Kaindoh,DE,357,20,5.49061870348964,6.10295259489056,0.6808404823811101,0.12324929971988796,0.03361344537815126
44815,Solomon Thomas,DT,2771,127,5.49548188657883,5.842635805048698,0,0.1623962468422952,0.06279321544568747
43332,Austin Johnson,NT,2325,128,5.52360739828771,5.972574893225133,0,0.1393548387096774,0.042150537634408604
43062,Nick Dzubnar,ILB,114,6,5.534624704687359,6.274888592174692,1.996026835794125,0.008771929824561403,0
52481,Davon Hamilton,DT,1017,59,5.546079906320686,6.023440461453565,0,0.12094395280235988,0.029498525073746312
45038,Isaac Rochell,DE,327,20,5.5500750451486836,6.100733114846162,0.523959370653512,0.11926605504587157,0.03363914373088685
44863,DeMarcus Walker,DE,1942,88,5.5685513199131,5.921856164721496,0,0.15447991761071062,0.03913491246138002
43318,Robert Nkemdiche,DT,1229,63,5.5741097823545545,6.027392047834031,0.6691508422993777,0.12123677786818551,0.015459723352318959
53483,Dayo Odeyingbo,DE,272,12,5.5817241159727775,6.114373052095906,0.7682572613026771,0.09926470588235294,0.011029411764705883
41464,Shelby Harris,DE,3327,157,5.582958604360054,5.991361688529214,0,0.12924556657649533,0.04538623384430418
53513,Chauncey Golston,DE,1898,82,5.607063356674917,6.021123201037733,0,0.13909378292939936,0.033192834562697573
46171,Jalyn Holmes,DE,88,6,5.611335459595956,5.736532820012914,0.7909749976704867,0.2159090909090909,0.09090909090909091
43333,Jihad Ward,OLB,2241,99,5.620458772966086,5.925577919080999,0.3805370284563242,0.16153502900490851,0.035698348951361
43436,Quinton Jefferson,DT,3741,161,5.62834032812369,5.973082887097433,0,0.16145415664260893,0.05987703822507351
45033,Ifeadi Odenigbo,DE,240,12,5.632025393529934,6.047351073389455,0.9121570785505368,0.12916666666666668,0.004166666666666667
46249,Folorunso Fatukasi,DT,2055,120,5.6385745481857965,6.0782725291016835,0,0.12846715328467154,0.031630170316301706
53675,Shaka Toney,DE,117,6,5.6400426314570025,6.165468709893,0.6268179249467954,0.1282051282051282,0.042735042735042736
53674,Tre Norwood,FS,128,5,5.645821796082926,6.059625035494899,0.5155067696682428,0.15625,0.0390625
52805,Joe Gaziano,DE,626,29,5.66360330098817,6.2361777254225705,0,0.10223642172523961,0.04153354632587859
37084,J.J. Watt,DE,4251,183,5.668838244081288,6.0445092346171,0,0.14114326040931546,0.0465772759350741
40608,Damion Square,NT,1006,48,5.680361536938893,6.071137988624334,0,0.13320079522862824,0.041749502982107355
41269,Kyle Van Noy,OLB,1809,72,5.693236331383679,6.030319258886141,0,0.12106135986733002,0.029850746268656716
46307,Zach Sieler,DT,1611,88,5.696629832293997,6.035979122735355,0,0.13531967721911856,0.03786468032278088
43326,Chris Jones,DT,3367,148,5.70035535269695,5.9381289207304135,0,0.15711315711315713,0.04633204633204633
53679,Khyiris Tonga,NT,396,23,5.70428224253005,5.91314513374878,0.5076301443443081,0.12373737373737374,0.027777777777777776
41263,Demarcus Lawrence,DE,604,25,5.706230318424435,6.102858675092214,0.46878007329411425,0.13245033112582782,0.028145695364238412
42360,Arik Armstead,DE,3701,168,5.718608325787646,6.072010995910738,0,0.13401783301810322,0.038368008646311805
43352,Adam Gotsis,DE,1733,87,5.738961386290726,6.095403885463558,0,0.1286785920369302,0.04616272360069244
35522,Corey Peters,DT,702,34,5.741390933211344,5.99948244189147,0.48356591138875477,0.15384615384615385,0.04985754985754986
52446,Yetur Gross-Matos,DE,1178,54,5.747124874677175,6.042976839912922,0,0.13752122241086587,0.05178268251273345
43455,D.J. Reader,NT,3191,156,5.761054448346219,6.0137412425664065,0,0.144468818552178,0.03760576621748668
52455,Marlon Davidson,DT,955,52,5.782881250835161,6.163084789491801,0,0.09528795811518324,0.018848167539267015
45007,Vincent Taylor,DT,177,11,5.793089700809045,6.110066543218404,1.2172932873184787,0.12429378531073447,0
41300,Christian Kirksey,OLB,285,14,5.799223306962528,5.92746971247872,0.5245591249513304,0.20350877192982456,0.04912280701754386
42480,Grady Jarrett,DT,3887,184,5.822034135409892,6.125062471116274,0,0.13223565731926937,0.039361975816825316
42443,Angelo Blackson,DT,2226,108,5.840366395312662,6.074550182556988,0,0.15723270440251572,0.03863432165318958
42382,Eddie Goldman,NT,1119,57,5.844795595669521,6.156329041197116,0.6879180172932382,0.10991957104557641,0.0160857908847185
53504,Osa Odighizuwa,DT,3758,175,5.845309672559244,6.108545029892441,0,0.12692921766897286,0.04417243214475785
52641,Casey Toohill,DE,685,29,5.850537734197245,6.071716267004962,0,0.1386861313868613,0.035036496350364967
47792,Ed Oliver,DT,3142,143,5.853091249604372,6.02150566310705,0,0.16581795035009547,0.04169318905155952
46185,Dorance Armstrong,DE,1236,56,5.8611179814033285,6.0862204035271805,0,0.14401294498381878,0.03640776699029126
42349,Leonard Williams,DT,4956,238,5.866198367680388,6.066707628449576,0,0.1529459241323648,0.046610169491525424
47917,Greg Gaines,NT,2631,120,5.874384350519936,6.053544998101063,0,0.16077537058152794,0.04979095400988218
38667,Malik Jackson,DT,4120,188,5.88349365287495,6.17277675523982,0,0.13155339805825242,0.033737864077669905
47802,Jeffery Simmons,DT,5659,258,5.884092512902873,6.119673307371854,0,0.13412263650821699,0.04258702951051423
53490,Carlos Basham,DE,834,32,5.900306677548716,6.056530351782359,0,0.18105515587529977,0.049160671462829736
42465,Za'Darius Smith,OLB,195,7,5.918367838369353,5.774193874877121,0.2618861654412723,0.2358974358974359,0.06666666666666667
46098,Taven Bryan,DT,718,39,5.923167708718598,6.255136599907056,0,0.10584958217270195,0.027855153203342618
52479,Justin Madubuike,DT,1687,89,5.926209799339038,6.154519686795202,0,0.13633669235328985,0.03082394783639597
46487,Poona Ford,NT,3347,157,5.940019353282787,6.232368167003065,0,0.1075590080669256,0.027487302061547654
44974,Anthony Walker,MLB,134,7,5.980969355998006,6.362950529435473,1.2588541384016316,0.11194029850746269,0
52835,Michael Hoecht,DT,1279,62,5.982942578346154,6.25933186517027,0.5097524977166241,0.11727912431587177,0.014855355746677092
45063,Pat O'Connor,DE,166,8,5.988584442764209,6.303425875679616,0.5325054546958671,0.08433734939759036,0.024096385542168676
46165,Harrison Phillips,DT,841,43,5.998835178336092,6.288272747333194,0,0.10225921521997622,0.029726516052318668
42378,Mario Edwards,DT,1340,63,6.000128508393175,6.168058079153275,0,0.1455223880597015,0.03955223880597015
53876,Raymond Johnson,DE,583,28,6.0050879835526345,6.046506288561634,0,0.16123499142367068,0.0686106346483705
43694,Michael Pierce,NT,895,45,6.009709805364505,6.097625163704876,0,0.15754189944134078,0.09720670391061452
44968,Jayon Brown,ILB,138,7,6.020112428712377,6.198631703155845,1.5532761737534078,0.043478260869565216,0
47811,Jerry Tillery,DT,4128,186,6.021616026631585,6.222527403583526,0,0.12621124031007752,0.03875968992248062
44922,Jaleel Johnson,DT,841,49,6.033989945897158,6.083592181347336,0,0.16527942925089179,0.04756242568370987
44886,Chris Wormley,DE,3323,160,6.0416828776176645,6.279785574748944,0,0.10382184772795666,0.03009328919650918
42826,DeShawn Williams,DT,1689,86,6.050623072069198,6.292427365866165,0,0.12492599171107165,0.04322084073416223
47800,Dexter Lawrence,DE,3436,167,6.057523573138015,6.114754850918341,0,0.16414435389988358,0.04336437718277066
42535,Darius Philon,DT,1786,75,6.061375516167919,6.242429532276532,0,0.11534154535274356,0.0425531914893617
46264,Sebastian Joseph,NT,3647,183,6.083674341336561,6.27564984462239,0,0.12448587880449685,0.03345215245407184
53502,Milton Williams,DT,1549,86,6.102092000286168,6.240072628703278,0,0.12524209167204647,0.03808908973531311
52422,Javon Kinlaw,DT,1380,70,6.104853799348497,6.402949975871046,0.5562351396658813,0.07028985507246377,0.02391304347826087
46387,Kendal Vickers,DT,294,12,6.117809156624441,6.459053884323113,0.6245544107577261,0.06462585034013606,0.01020408163265306
53577,Ta'Quon Graham,DE,1146,52,6.123957910932911,6.388738252925682,0.800827449978855,0.07678883071553229,0.002617801047120419
53585,Isaiahh Loudermilk,DE,749,39,6.126203114915463,6.347816546308734,0.6213875253206727,0.1041388518024032,0.017356475300400534
45274,Adam Butler,DE,3712,186,6.1435912879354415,6.2641634800207076,0,0.09859913793103449,0.02478448275862069
43787,Roy Robertson-Harris,DT,1562,75,6.145823332129814,6.273587543199501,0,0.10435339308578745,0.03201024327784891
43791,Morgan Fox,DE,3228,147,6.155354424732096,6.2243889802883805,0,0.1322800495662949,0.040272614622057
46153,Justin Jones,DT,657,36,6.165955181848051,6.143494411815453,0.42047076760456736,0.1537290715372907,0.0532724505327245
35562,Al Woods,DT,2342,123,6.174466397817543,6.238264261342685,0,0.12126387702818105,0.035439795046968404
52846,Jonah Williams,DE,1248,54,6.192835238504422,6.3957977812826075,0,0.09134615384615384,0.024839743589743588
42559,Christian Covington,NT,2422,121,6.2121339638703486,6.305477254431063,0,0.13005780346820808,0.028075970272502065
43301,Sheldon Rankins,DT,3076,155,6.227993313292826,6.256356808851991,0,0.11573472041612484,0.04778933680104031
44944,Deatrich Wise,DE,2784,131,6.234922381242166,6.278337194222701,0,0.125,0.021910919540229886
43405,Hassan Ridgeway,DT,1390,76,6.238405844916297,6.230916976291551,0,0.13093525179856116,0.03741007194244604
44957,Grover Stewart,DT,2205,126,6.2384376341464165,6.353934048698057,0,0.09841269841269841,0.022675736961451247
43338,Jarran Reed,DT,3275,166,6.238641820993108,6.379333667104029,0,0.09984732824427481,0.031450381679389315
53587,Daviyon Nixon,DT,598,29,6.257348071475647,6.3062173844849445,0,0.1505016722408027,0.07023411371237458
47933,Kingsley Keke,DE,3152,140,6.272941326767665,6.3891062147768265,0,0.108502538071066,0.02633248730964467
43361,Jonathan Bullard,DE,1144,66,6.277331207121145,6.3398221930482626,0.4764982276871501,0.1048951048951049,0.01486013986013986
35485,Linval Joseph,NT,2132,116,6.313147502024657,6.2277321054613,0,0.14821763602251406,0.04127579737335835
48599,Albert Huggins,DT,791,44,6.3188116783760995,6.387313890021998,0.7325014184764228,0.10493046776232617,0.015170670037926675
47796,Christian Wilkins,DT,2735,150,6.320848230395672,6.408385461397513,0,0.10383912248628885,0.025959780621572212
43356,Maliek Collins,DT,2681,135,6.321199391118794,6.304897291917759,0,0.1298023125699366,0.03692651995524058
43426,Dean Lowry,DE,3057,147,6.322946935354333,6.264866447290647,0,0.12757605495583907,0.04383382401046778
52792,Tershawn Wharton,DT,2444,116,6.323897724890104,6.426767844357756,0.3788756056290272,0.09410801963993454,0.016775777414075287
52665,Malcolm Roach,DT,1594,88,6.332284400338263,6.384456331090208,0.5561284790702298,0.08782936010037641,0.01944792973651192
40074,William Gholston,DE,2310,120,6.3375464680252325,6.365222503039293,0,0.12813852813852813,0.032034632034632034
44867,Dalvin Tomlinson,DT,2452,122,6.340349286724862,6.346806703765615,0,0.11174551386623165,0.03262642740619902
46197,Kentavius Street,DE,1558,77,6.360165208086229,6.394067765266565,0,0.10847240051347883,0.03209242618741977
44847,Malik McDowell,DT,3156,154,6.361494914714116,6.249324725662886,0,0.13688212927756654,0.037389100126742715
52448,Ross Blacklock,DT,1449,68,6.380187359037144,6.391253607929152,0,0.13388543823326432,0.06349206349206349
46138,B.J. Hill,DT,2886,133,6.382638106529592,6.321396038076568,0,0.1327096327096327,0.03568953568953569
43638,Justin Zimmer,DT,2090,94,6.383122120030134,6.451337713631966,0,0.09904306220095693,0.02966507177033493
44840,Taco Charlton,DE,102,5,6.384922633140898,6.396331270651246,1.0662828469630623,0.12745098039215685,0
52415,Derrick Brown,DT,2767,154,6.398569860006746,6.396000051522331,0,0.11709432598482111,0.04336826888326708
37104,Cameron Heyward,DT,4152,198,6.413245680306886,6.370436454260906,0,0.12716763005780346,0.031551059730250484
53978,Austin Faoliu,DT,255,11,6.433643780239018,6.1570688323673375,0.538342844654239,0.16470588235294117,0.01568627450980392
43411,Andrew Billings,DT,466,30,6.4427479474213065,6.533793919792384,0.7402205885973844,0.0815450643776824,0.012875536480686695
33131,Calais Campbell,DE,3761,188,6.463926275880453,6.494299678903742,0,0.09173092262696092,0.027386333421962245
46214,Bilal Nichols,DE,3099,146,6.477043843377834,6.414205332805904,0,0.11197160374314295,0.02968699580509842
39959,Sheldon Richardson,DT,2535,125,6.479745163564179,6.444224321738727,0,0.10927021696252466,0.022485207100591716
52464,Raekwon Davis,NT,874,51,6.48104059478789,6.516710558211051,0.6077359077928172,0.08009153318077804,0.011441647597254004
53618,Marlon Tuipulotu,DT,266,14,6.485293275467685,6.673957298747527,1.209000503534364,0.045112781954887216,0
43319,Vernon Butler,DT,1290,61,6.521580411546781,6.500718022781114,0,0.09612403100775194,0.021705426356589147
42355,Danny Shelton,NT,885,49,6.526974014666209,6.293036928220423,0,0.15028248587570622,0.06327683615819209
46504,Daniel Ekuale,DT,501,25,6.528352391546869,6.222816204604193,0,0.15169660678642716,0.03592814371257485
37778,Josh Bynes,ILB,161,5,6.543257731446618,6.63340099208961,0.721440233076665,0.031055900621118012,0.012422360248447204
48123,Kevin Givens,DT,699,37,6.547672693121583,6.480709194033061,0.47176012133387024,0.11301859799713877,0.03862660944206009
38542,Fletcher Cox,DT,3302,173,6.551280289960388,6.334005357364864,0,0.15263476680799515,0.04058146577831617
40347,Mike Purcell,NT,1058,65,6.556853063019815,6.4881890882955595,0,0.10586011342155009,0.022684310018903593
43441,Matt Ioannidis,DT,3014,146,6.558959097048074,6.480433607042499,0,0.126078301260783,0.03483742534837425
53467,Christian Barmore,DT,4133,184,6.56859545337451,6.48197668418524,0,0.11226711831599323,0.033873699491894504
52605,John Penisini,NT,614,39,6.598107945729012,6.487011272126274,0.9604513227936384,0.09609120521172639,0.0016286644951140066
44877,Larry Ogunjobi,DT,4320,210,6.605863895232403,6.372780636785344,0,0.14907407407407408,0.04583333333333333
46144,Derrick Nnadi,DT,1615,89,6.617620293840613,6.394189472505856,0,0.12198142414860681,0.04024767801857585
39960,Star Lotulelei,DT,1995,107,6.618236492736681,6.4131525183628915,0,0.12982456140350876,0.04160401002506266
52759,Chris Williams,DT,245,13,6.619196627179303,6.374173267375694,0.5276579373952357,0.10204081632653061,0.02857142857142857
42667,Justin Hamilton,DT,781,44,6.649792740214886,6.312777726829507,0,0.15492957746478872,0.03201024327784891
52539,Rashard Lawrence,NT,809,44,6.664270330338589,6.532791105976609,0.7030643438814962,0.10012360939431397,0.022249690976514216
42436,Henry Anderson,DE,236,12,6.6709308464179955,6.362689769254118,0.8544919570878505,0.15677966101694915,0.012711864406779662
39997,Johnathan Hankins,NT,2151,119,6.682339950050656,6.580903298607493,0.4323425504939259,0.08182240818224082,0.018596001859600187
40042,Brandon Williams,NT,1731,93,6.693998708978399,6.532685571500954,0,0.08492201039861352,0.01559792027729636
43335,A'Shawn Robinson,DT,1330,63,6.709676777226877,6.5313082581113395,0,0.10601503759398496,0.029323308270676692
46618,Taylor Stallworth,DT,676,39,6.714463375333352,6.555030850238284,0,0.09615384615384616,0.038461538461538464
46082,Daron Payne,DT,4308,226,6.7164357849283975,6.531234741894811,0,0.1084029712163417,0.035283194057567316
41341,DaQuan Jones,DT,2383,129,6.718613682945297,6.421676901904138,0,0.14645404951741503,0.026856903063365505
37308,Lawrence Guy,DT,1519,85,6.737378768394732,6.489549920615468,0,0.12376563528637262,0.041474654377880185
42395,Jordan Phillips,DE,656,40,6.7985505299041,6.610993142822884,0.4298219787741309,0.11432926829268293,0.018292682926829267
52582,Larrell Murchison,DT,1053,53,6.889668860270499,6.555085492801869,0.7027742781472531,0.1177587844254511,0.016144349477682812
42553,Christian Ringo,DT,1265,68,6.8914639323484295,6.715325590679583,0,0.07984189723320158,0.023715415019762844
42497,Tyeler Davison,DT,1325,83,6.899727165087167,6.52393204089926,0.6591653019773435,0.11169811320754718,0.009056603773584906
44905,Montravius Adams,DE,952,48,6.902292497620804,6.646973887075589,0.544082330882163,0.07352941176470588,0.007352941176470588
45226,Josh Tupou,NT,2068,98,6.910640983847697,6.442484624645652,0,0.14458413926499034,0.043036750483559
52578,Broderick Washington,DT,625,34,6.970879798840844,6.658669804119958,0.5434628991987648,0.08,0.0128
48198,Bryan Mone,NT,1090,68,6.97328985282639,6.650219731657468,0.37814837431478376,0.0963302752293578,0.022935779816513763
41595,Mike Pennel,NT,121,7,6.975144158201393,6.3938433997714785,0.48293209659728786,0.10743801652892562,0.04132231404958678
35441,Ndamukong Suh,DE,4280,208,6.9847212415959365,6.661511304450555,0,0.10467289719626169,0.03130841121495327
52496,Jordan Elliott,DT,1423,78,6.993298999865517,6.650363349329561,0.5304993553505581,0.08292340126493324,0.014054813773717497
44991,Davon Godchaux,NT,2265,118,6.999989922869937,6.590397395176201,0,0.11699779249448124,0.018101545253863136
52522,Leki Fotu,DT,1315,66,7.022738434490245,6.760318157779614,0.6930411550970457,0.08897338403041825,0.015209125475285171
45011,D.J. Jones,DT,1680,93,7.051528913588641,6.58644511838774,0,0.10892857142857143,0.03154761904761905
52555,Khalid Kareem,DE,142,7,7.102261165827254,6.2591940831459105,0.673717042477324,0.18309859154929578,0.04929577464788732
38544,Michael Brockers,DE,2519,128,7.10302633389335,6.697430161748606,0,0.09845176657403731,0.0166732830488289
38619,Akiem Hicks,DT,1920,96,7.130685184737724,6.523994806473994,0,0.13072916666666667,0.0484375
43698,Woodrow Hamilton,DT,73,6,7.21920099495328,6.9845343955953405,1.653894158026567,0.0410958904109589,0
53575,Jamien Sherwood,ILB,93,5,7.226248586301377,6.844837924218421,0.9247762116833849,0.0967741935483871,0.010752688172043012
35442,Gerald McCoy,DT,91,5,7.23935703142898,6.852017203301113,1.362268008018587,0.04395604395604396,0
40253,Lerentee McCray,DE,90,6,7.241822718590905,6.937219147362916,1.4243170407170596,0.07777777777777778,0
52830,Eric Banks,DT,257,12,7.252459210075013,6.869958729766477,1.1536946405781863,0.05058365758754864,0
42560,Rakeem Nunez-Roches,DT,1715,96,7.259732719713077,6.840856378740163,0.34890268155955967,0.0793002915451895,0.01282798833819242
41449,Shamar Stephen,DE,1475,71,7.295522903167781,6.73828013199299,0.5497670387308402,0.10847457627118644,0.010847457627118645
48032,Michael Dogbe,DE,1078,51,7.324296445924125,6.819773321935349,0,0.09276437847866419,0.045454545454545456
52592,Bravvion Roy,DT,734,51,7.350746450136261,6.7639992370281234,0,0.10762942779291552,0.01907356948228883
47975,Isaiah Buggs,DE,792,52,7.3661903597715845,6.965431754328924,0.9342137369327155,0.056818181818181816,0.0012626262626262627
34777,Steve McLendon,NT,928,48,7.392332561030723,6.77953015249506,0.32139775867509907,0.10344827586206896,0.023706896551724137
53073,Teair Tart,DT,1471,87,7.3927756243406,6.852525976013825,0.32774181472590413,0.06254248810333107,0.01563562202583277
43938,Antwaun Woods,DT,158,12,7.415509261655858,6.746751770961589,0,0.08227848101265822,0.04430379746835443
48544,Shy Tuttle,DT,1604,90,7.423449025776125,6.871490398679019,0.4869878452926578,0.08229426433915212,0.007481296758104738
40171,Nicholas Williams,DE,2574,131,7.477851811805024,6.774329476552397,0,0.10528360528360528,0.020590520590520592
41336,Justin Ellis,DT,915,58,7.479274673246248,6.9454741320889815,0.43523995192741627,0.08087431693989071,0.006557377049180328
53470,Levi Onwuzurike,DE,842,50,7.490953098749651,6.802465794580274,0.5982355089692032,0.08194774346793349,0.011876484560570071
53621,Quinton Bohanna,DT,734,44,7.493864824294722,6.865921877153042,0.5630357446535368,0.09264305177111716,0.01634877384196185
42331,Efe Obada,DE,876,42,7.545419654349725,6.682367584420704,0.4874382977865759,0.1278538812785388,0.02968036529680365
47973,Armon Watts,NT,1714,86,7.703127390383775,6.759854001678915,0,0.11143523920653442,0.03267211201866978
53624,Roy Lopez,DT,1477,81,7.811582994420708,6.871479621593951,0,0.10629654705484089,0.018957345971563982
45203,Tashawn Bower,DE,75,5,7.813709224186951,7.204632949453136,1.5662744943952138,0.06666666666666667,0
41363,Brent Urban,DE,1440,78,7.940628801735326,6.942056172637837,0.35160834590252477,0.09722222222222222,0.02847222222222222
47867,Khalen Saunders,DT,1041,61,7.969603657852979,7.089769125973251,0.5039382396799403,0.07780979827089338,0.01633045148895293
42375,Malcom Brown,DT,1892,110,8.05475120904884,7.019644750302773,0,0.08456659619450317,0.022727272727272728
41722,Josh Mauro,DE,372,15,8.174906928318848,7.20025884650545,1.3568893421802073,0.03494623655913978,0
41919,Zach Kerr,DT,310,18,8.21020575767864,7.20684976628392,0.9420534483885382,0.05161290322580645,0.0064516129032258064
40001,Margus Hunt,DT,89,5,8.219198100761426,6.669671452591772,0.47383369446392803,0.20224719101123595,0.056179775280898875
52640,Carlos Davis,DT,174,9,8.231108018979112,6.868104246672489,0.5788128975227921,0.10919540229885058,0.028735632183908046
53501,Alim McNeill,NT,938,59,8.249376386864686,6.985395755342065,0.39233679293032053,0.09594882729211088,0.024520255863539446
43409,David Onyemata,DT,329,14,8.339681087486577,7.055215662993192,0.5641575988114228,0.10030395136778116,0.02735562310030395
53900,Naquan Jones,DT,1228,64,8.349808402692831,7.256644941897375,0.7163589546635263,0.04804560260586319,0.007328990228013029
52829,Breiden Fehoko,NT,153,6,8.368019287167384,6.9222255451925765,0.6824067612756849,0.11764705882352941,0.0457516339869281
35449,Tyson Alualu,DE,739,36,8.62505606430503,7.095468195529021,0,0.10960757780784844,0.037889039242219216
46232,Tim Settle,DT,1136,46,8.729395714181841,7.031266584634782,0.6729948689772565,0.11443661971830986,0.02112676056338028
44955,Carlos Watkins,DE,1433,82,8.973832858633422,7.340757950046289,0.6467392998483903,0.05792044661549198,0.0104675505931612
52503,McTelvin Agim,DE,402,20,9.408397546121487,7.56606804327319,0.6105566119031037,0.04975124378109453,0.007462686567164179
46796,Demone Harris,DE,145,7,9.602977717574634,7.36183676937362,0.5425377917721764,0.08275862068965517,0.041379310344827586
43392,Sheldon Day,DT,77,5,10,8.411616948599875,3.0445258671416493,0,0
45414,Eli Ankou,DT,125,6,10,8.229466836120507,2.250674974769186,0,0
46209,Maurice Hurst,DT,118,9,10,8.163136447686751,0.83991472548183,0.05084745762711865,0.01694915254237288
52887,David Moa,DT,89,5,10,7.545419454437756,1.1020779748559248,0.14606741573033707,0
53546,Bobby Brown,NT,132,7,10,8.09314829635678,1.8546451136044684,0.03787878787878788,0
